protocol,symbol,supply_usd,borrows_usd,as_of
alphalend,ALPHA,5453052.21001821,0.5996163855013439,2026-06-30T00:45:33.518Z
alphalend,BLUE,505225.3521156632,368525.5855391637,2026-06-30T00:45:33.518Z
alphalend,BTCVC,3296594.361487088,0,2026-06-30T00:45:33.518Z
alphalend,DEEP,3243480.730199821,1655043.435191023,2026-06-30T00:45:33.518Z
alphalend,EBTC,653896.6644746062,48.62331332349693,2026-06-30T00:45:33.518Z
alphalend,EEARN,865150.1664567195,0,2026-06-30T00:45:33.518Z
alphalend,EGUSDC,1250520.334044462,11874.81014326056,2026-06-30T00:45:33.518Z
alphalend,ESUI,4133794.244695765,0.124853212083041,2026-06-30T00:45:33.518Z
alphalend,ETHIRD,6606729.892896662,0,2026-06-28T00:45:33.697Z
alphalend,IKA,252500.2788335826,1663.453939069862,2026-06-30T00:45:33.518Z
alphalend,STSUI,5580730.825616637,890008.7989269788,2026-06-30T00:45:33.518Z
alphalend,SUI,11448767.31416126,7283390.181658397,2026-06-30T00:45:33.518Z
alphalend,TBTC,2776195.668906826,1498384.268897195,2026-06-30T00:45:33.518Z
alphalend,USDC,32824334.81772972,26603076.96355883,2026-06-30T00:45:33.518Z
alphalend,USDSUI,7587438.542740914,2386632.155600146,2026-06-30T00:45:33.518Z
alphalend,USDT,5523777.929527714,3717139.834524132,2026-06-30T00:45:33.518Z
alphalend,WAL,3332496.282651322,803518.4047234257,2026-06-30T00:45:33.518Z
alphalend,WBTC,4812094.749747727,1031440.986229126,2026-06-30T00:45:33.518Z
alphalend,XAUM,1305375.160839164,532183.6723957785,2026-06-30T00:45:33.518Z
alphalend,XBTC,6485326.232992793,6096014.993894768,2026-06-30T00:45:33.518Z
bucket,BKT-AF-AFSUI-SUI,1.088297529007602,0,2026-06-30T01:24:53.128Z
bucket,BKT-KRIYA-FOUNTAIN-1,1.836384521479446,0,2026-06-30T01:24:53.128Z
bucket,BKT-PSM-BLUEFIN_STABLE_LP,140989.8835648905,0,2026-06-30T01:24:53.128Z
bucket,BKT-PSM-BUCKETUS,968568.5998161492,0,2026-06-30T01:24:53.128Z
bucket,BKT-PSM-CETABLE,0.2377236662132815,0,2026-06-30T01:24:53.128Z
bucket,BKT-PSM-FDUSD,0.07010931349988599,0,2026-06-30T01:24:53.128Z
bucket,BKT-PSM-STAPEARL,0.05952355069081783,0,2026-06-30T01:24:53.128Z
bucket,BKT-PSM-USDC_CIRCLE,59503.34757582915,0,2026-06-30T01:24:53.128Z
bucket,BKT-PSM-USDC_WORMHOLE,1.591491182941687,0,2026-06-30T01:24:53.128Z
bucket,BKT-PSM-USDT_WORMHOLE,0.1209794098836396,0,2026-06-30T01:24:53.128Z
bucket,BKT-SAVE-AFSUI_S,1323162.531352017,0,2026-06-30T01:24:53.128Z
bucket,BKT-SAVE-HASUI_NAVI_POND,0.8428758431995584,0,2026-06-30T01:24:53.128Z
bucket,BKT-SAVE-HASUI_S,2248674.862390318,0,2026-06-30T01:24:53.128Z
bucket,BKT-SAVE-NAVI_STSUI,626621.0444803819,0,2026-06-30T01:24:53.128Z
bucket,BKT-SAVE-NAVI_VSUI,0.6408327255431713,0,2026-06-30T01:24:53.128Z
bucket,BKT-SAVE-SUI_NAVI_POND,919052.0451674103,0,2026-06-30T01:24:53.128Z
bucket,BKT-SAVE-VSUI_S,1386217.052155773,0,2026-06-30T01:24:53.128Z
bucket,BKT-SCOIN-NAVI_CIRCLE_USDC,0.7061551941918741,0,2026-06-30T01:24:53.128Z
bucket,BKT-SCOIN-NAVI_SUI_BRIDGE_USDT,19233.72960855303,0,2026-06-30T01:24:53.128Z
bucket,BKT-SCOIN-SCALLOP_CIRCLE_USDC,0.9647214019359958,0,2026-06-30T01:24:53.128Z
bucket,BKT-SCOIN-SCALLOP_SUI_BRIDGE_USDT,0.3027131871304056,0,2026-06-30T01:24:53.128Z
bucket,BKT-SCOIN-SCALLOP_USDC,0.5510862204814996,0,2026-06-30T01:24:53.128Z
bucket,BKT-SCOIN-SCALLOP_USDT,0.1962956685887897,0,2026-06-30T01:24:53.128Z
bucket,PSM-BUCK,2358612.692413932,2365604.592936,2026-06-30T01:24:53.128Z
bucket,PSM-USDC,8864.2318669981,8867.618688,2026-06-30T01:24:53.128Z
bucket,PSM-USDSUI,394322.3354387613,394305.158063,2026-06-30T01:24:53.128Z
bucket,PSM-USDT,0,0,2026-06-30T01:24:53.128Z
bucket,SAVING-USDB,7326781.083668,0,2026-06-30T01:24:53.128Z
bucket,SUI,42139.99785541409,27152.751611,2026-06-30T01:24:53.128Z
bucket,V1-AF_LP,0,0,2026-06-30T01:24:53.128Z
bucket,V1-BTC,676.370004638951,9e-9,2026-06-30T01:24:53.128Z
bucket,V1-CETUS,17.51946219421314,9.818140909,2026-06-30T01:24:53.128Z
bucket,V1-COIN,8521.903308845476,11.591830138,2026-06-30T01:24:53.128Z
bucket,V1-HAEDAL,24.21346794434756,50.493491719,2026-06-30T01:24:53.128Z
bucket,V1-LBTC,1047.465653418666,427.603076987,2026-06-30T01:24:53.128Z
bucket,V1-LP_TOKEN,0,1487.982953506,2026-06-30T01:24:53.128Z
bucket,V1-MUSD,72.77562734301762,50.480380224,2026-06-30T01:24:53.128Z
bucket,V1-NAVX,50.24977100361807,52.870769635,2026-06-30T01:24:53.128Z
bucket,V1-SCA,1122.029704378841,1865.037219788,2026-06-30T01:24:53.128Z
bucket,V1-SCALLOP_DEEP,8081.183931885973,1357.181489418,2026-06-30T01:24:53.128Z
bucket,V1-SCALLOP_SB_USDT,532.2207198722026,351.752143974,2026-06-30T01:24:53.128Z
bucket,V1-SCALLOP_SCA,117.3672002717403,161.471204678,2026-06-30T01:24:53.128Z
bucket,V1-SCALLOP_SUI,74769.61325142255,46074.664609529,2026-06-30T01:24:53.128Z
bucket,V1-SCALLOP_USDC,13348.10063299308,6936.815729502,2026-06-30T01:24:53.128Z
bucket,V1-SCALLOP_WORMHOLE_USDC,643.9852484625692,433.909154048,2026-06-30T01:24:53.128Z
bucket,V1-SCALLOP_WORMHOLE_USDT,2096.20528601227,1103.287121769,2026-06-30T01:24:53.128Z
bucket,V1-STSUI,36.50449830053147,36.308843496,2026-06-30T01:24:53.128Z
bucket,V1-SUI,0,3017.794346294,2026-06-30T01:24:53.128Z
bucket,V1-TBTC,292.560260881981,287.95682578,2026-06-30T01:24:53.128Z
bucket,V1-TLP,0,12494.869472018,2026-06-30T01:24:53.128Z
bucket,V1-USDY,864.2238787544854,631.402612568,2026-06-30T01:24:53.128Z
bucket,V1-WAL,36057.68440658497,50584.022907858,2026-06-30T01:24:53.128Z
bucket,V1-WETH,1409.45866407523,313.208336622,2026-06-30T01:24:53.128Z
bucket,V1-afSUI,5609.543422505161,3316.922776136,2026-06-30T01:24:53.128Z
bucket,V1-haSUI,2946.262960110827,905.906536148,2026-06-30T01:24:53.128Z
bucket,V1-sSUI,74.4849354739935,52.128022742,2026-06-30T01:24:53.128Z
bucket,V1-vSUI,12017.11124611304,10784.652371709,2026-06-30T01:24:53.128Z
bucket,V1PSM-AUSD,7.307956001,7.307956001,2026-06-30T01:24:53.128Z
bucket,V1PSM-BLUEFIN_STABLE_LP,282087.505173162,282087.505173162,2026-06-30T01:24:53.128Z
bucket,V1PSM-BUCKETUS,1937877.33561359,1937877.33561359,2026-06-30T01:24:53.128Z
bucket,V1PSM-CETABLE,0.238021,0.238021,2026-06-30T01:24:53.128Z
bucket,V1PSM-COIN,1019.758977,1019.758977,2026-06-30T01:24:53.128Z
bucket,V1PSM-FDUSD,0.070352,0.070352,2026-06-30T01:24:53.128Z
bucket,V1PSM-SCABLE,854.607426626,854.607426626,2026-06-30T01:24:53.128Z
bucket,V1PSM-STAPEARL,0.059598,0.059598,2026-06-30T01:24:53.128Z
bucket,V1PSM-USDC,59526.082350565,59526.082350565,2026-06-30T01:24:53.128Z
bucket,V1PSM-USDT,0.057134295,0.057134295,2026-06-30T01:24:53.128Z
bucket,WBTC,154596.2329015583,31556.215223,2026-06-30T01:24:53.128Z
bucket,XBTC,179314.6298903249,106369.02533,2026-06-30T01:24:53.128Z
bucket,afSUI,24667.71590573268,14977.524147,2026-06-30T01:24:53.128Z
bucket,haSUI,4225352.79320674,1466844.308517,2026-06-30T01:24:53.128Z
bucket,vSUI,178091.668471251,7488.956544,2026-06-30T01:24:53.128Z
navi,AUSD,2426.84473066932,1017.940946703055,2026-06-30T00:35:34.046Z
navi,BLUE,19108.07063024665,4621.634888327159,2026-06-30T00:35:34.046Z
navi,BUCK,20392692.42548514,1801770.77260978,2026-06-30T00:35:34.046Z
navi,CETUS,151296.9193827345,21365.88406884811,2026-06-30T00:35:34.046Z
navi,DEEP,5403032.628301596,2702143.108916443,2026-06-30T00:35:34.046Z
navi,FDUSD,24648.96677455116,797.2787489072795,2026-06-30T00:35:34.046Z
navi,HAEDAL,59719.96529937846,109.2088997073607,2026-06-30T00:35:34.046Z
navi,IKA,122303.0117443789,20654.98252887153,2026-06-30T00:35:34.046Z
navi,LBTC,2787845.952318207,103678.3770848685,2026-06-30T00:35:34.046Z
navi,MBTC,18049588.04869595,0,2026-06-30T00:35:34.046Z
navi,NAVX,1729047.620647694,16898.65331309765,2026-06-30T00:35:34.046Z
navi,NS,211766.2966631978,14490.26508186335,2026-06-30T00:35:34.046Z
navi,SOL,47913.25761684489,853.9599185488237,2026-06-30T00:35:34.046Z
navi,SUI,20249860.91749117,17059194.28087462,2026-06-30T00:35:34.046Z
navi,USDC,25660556.871824,20700734.70441861,2026-06-30T00:35:34.046Z
navi,USDSUI,3854001.854557632,2744983.164344123,2026-06-30T00:35:34.046Z
navi,USDY,2308488.231198187,121779.7148060638,2026-06-30T00:35:34.046Z
navi,WAL,4037495.346293238,2240255.925823958,2026-06-30T00:35:34.046Z
navi,WBTC,4205520.941427004,2631666.769141066,2026-06-30T00:35:34.046Z
navi,WETH,152189.7238561047,14707.40890590714,2026-06-30T00:35:34.046Z
navi,XAUm,1006002.372361467,1136.132492853224,2026-06-30T00:35:34.046Z
navi,YBTC.B,3613.370338800126,0,2026-06-30T00:35:34.046Z
navi,enzoBTC,26172772.55498475,0,2026-06-30T00:35:34.046Z
navi,haSUI,16359938.7062545,1382538.099691127,2026-06-30T00:35:34.046Z
navi,stBTC,30402.40457729768,944.0669605662963,2026-06-30T00:35:34.046Z
navi,stSUI,8855.592941595682,456.8834845520028,2026-06-30T00:35:34.046Z
navi,suiETH,1397436.274464636,215083.562078964,2026-06-30T00:35:34.046Z
navi,suiUSDT,4766677.716723233,3839667.674238084,2026-06-30T00:35:34.046Z
navi,suiUSDe,681008.2371006948,255944.073669022,2026-06-30T00:35:34.046Z
navi,vSUI,11833611.03601424,319887.6821869749,2026-06-30T00:35:34.046Z
navi,wBTC,7722321.751266511,6296260.787947448,2026-06-30T00:35:34.046Z
navi,wUSDC,2172692.272122039,2025529.408929011,2026-06-30T00:35:34.046Z
navi,wUSDT,1164253.435103744,1119143.471252049,2026-06-30T00:35:34.046Z
navi,xBTC,9642656.015490478,6397042.817699033,2026-06-30T00:35:34.046Z
scallop,CETUS,63961.02265103917,1070.764406384855,2026-06-30T00:43:43.712Z
scallop,DEEP,125666.970162777,33040.39718864709,2026-06-30T00:43:43.712Z
scallop,SBETH,384798.6004139602,121777.5047067468,2026-06-30T00:43:43.712Z
scallop,SCA,239151.533493564,52734.85778064405,2026-06-30T00:43:43.712Z
scallop,SUI,3551834.266817818,1459578.421431604,2026-06-30T00:43:43.712Z
scallop,USDC,2452864.063677646,1888798.168078677,2026-06-30T00:43:43.712Z
scallop,USDSUI,487067.0433982228,371900.721082253,2026-06-30T00:43:43.712Z
scallop,USDT,860610.4014090394,544765.9543584073,2026-06-30T00:43:43.712Z
scallop,USDY,504719.226869892,202166.8705876938,2026-06-30T00:43:43.712Z
scallop,WBTC,116.4285320231218,0,2026-06-30T00:43:43.712Z
scallop,WETH,8019.756604856646,995.702009799633,2026-06-30T00:43:43.712Z
scallop,afSUI,106171.5914380984,3525.324573186921,2026-06-30T00:43:43.712Z
scallop,haSUI,57582.96914533357,3825.747549971612,2026-06-30T00:43:43.712Z
scallop,vSUI,22592.8192744992,4275.452598556147,2026-06-30T00:43:43.712Z
scallop,wUSDC,168557.3827710587,53095.84759206048,2026-06-30T00:43:43.712Z
scallop,wUSDT,73744.30367070426,18580.7883428286,2026-06-30T00:43:43.712Z
suilend,AUSD,1663579.640613128,20580.05778371497,2026-06-30T00:56:05.367Z
suilend,BTC,1985656.798499478,287281.245022292,2026-06-30T00:56:05.367Z
suilend,COIN,553757.4491613238,162689.1459203376,2026-06-30T00:56:05.367Z
suilend,DEEP,5554810.939188248,79431.94643738,2026-06-30T00:56:05.367Z
suilend,ETH,3519797.528463379,189731.1931070268,2026-06-30T00:56:05.367Z
suilend,LBTC,4045991.094933291,0,2026-06-30T00:56:05.367Z
suilend,SEND,518019.3528283096,16.81302198149554,2026-06-30T00:56:05.367Z
suilend,SUI,39109175.36601625,20488842.43814342,2026-06-30T00:56:05.367Z
suilend,USDC,29999345.54394592,22078940.27328435,2026-06-30T00:56:05.367Z
suilend,USDSUI,8902173.720285231,3030593.919873202,2026-06-30T00:56:05.367Z
suilend,USDT,2420875.264736366,1526193.80804111,2026-06-30T00:56:05.367Z
suilend,WAL,1420769.176723829,35581.80226372722,2026-06-30T00:56:05.367Z
suilend,WBTC,3614192.848175934,717355.5791599014,2026-06-30T00:56:05.367Z
suilend,WETH,888.7268977306479,879.947857207148,2026-06-30T00:56:05.367Z
suilend,XBTC,4418729.738794542,1177491.361699329,2026-06-30T00:56:05.367Z
suilend,sSUI,44356116.26307427,0,2026-06-30T00:56:05.367Z
suilend,wUSDC,39467.34496807565,23961.14371815244,2026-06-30T00:56:05.367Z
suilend,wUSDT,20674.12476452641,7391.225360664011,2026-06-30T00:56:05.367Z
